name,brand,category,price,description,image_url,ingredients
Gentle Low pH Cleanser,Kirana Lab,cleanser,65000,Pembersih wajah lembut dengan pH seimbang untuk pemakaian harian.,,"Aqua, Glycerin, Cocamidopropyl Betaine, Sodium Lauroyl Glutamate, Panthenol, Centella Asiatica Extract, Allantoin, Citric Acid, Phenoxyethanol"
Niacinamide 10% + Zinc Serum,Kirana Lab,serum,89000,Serum ringan untuk membantu mengontrol minyak dan menyamarkan pori.,,"Aqua, Niacinamide, Zinc PCA, Glycerin, Pentylene Glycol, Xanthan Gum, Phenoxyethanol"
Salicylic Acid Acne Foaming Cleanser,Kirana Lab,cleanser,55000,Pembersih berbusa untuk kulit berminyak dan mudah berjerawat.,,"Aqua, Sodium Laureth Sulfate, Salicylic Acid, Glycerin, Melaleuca Alternifolia Leaf Oil, Zinc PCA, Parfum, Phenoxyethanol"
Hydra Barrier Sunscreen SPF 35,Kirana Lab,sunscreen,75000,Sunscreen lembap dengan ceramide untuk kulit normal hingga kering.,,"Aqua, Zinc Oxide, Titanium Dioxide, Glycerin, Ceramide NP, Sodium Hyaluronate, Phenoxyethanol"
Ceramide Overnight Mask,Kirana Lab,mask,115000,Masker malam untuk menutrisi kulit kering.,,"Aqua, Glycerin, Ceramide NP, Butyrospermum Parkii Butter, Panthenol, Squalane, Phenoxyethanol"
BHA 2% Pore Clarifying Toner,Seruni Skin,toner,115000,Toner eksfoliasi untuk membersihkan pori dan komedo.,,"Aqua, Salicylic Acid, Butylene Glycol, Niacinamide, Sodium Hydroxide, Allantoin, Phenoxyethanol"
Ceramide Barrier Moisturizer,Seruni Skin,moisturizer,129000,Pelembap krim untuk memperkuat skin barrier.,,"Aqua, Glycerin, Squalane, Ceramide NP, Ceramide AP, Cholesterol, Panthenol, Sodium Hyaluronate, Phenoxyethanol"
Hyaluronic Acid 5D Serum,Seruni Skin,serum,99000,Serum hidrasi dengan beberapa jenis hyaluronic acid.,,"Aqua, Sodium Hyaluronate, Hydrolyzed Hyaluronic Acid, Glycerin, Panthenol, Allantoin, Phenoxyethanol"
Matte Finish Sunscreen SPF 50,Seruni Skin,sunscreen,99000,Sunscreen dengan hasil akhir matte untuk kulit berminyak.,,"Aqua, Ethylhexyl Methoxycinnamate, Silica, Niacinamide, Zinc PCA, Alcohol Denat, Parfum, Phenoxyethanol"
BHA Exfoliating Liquid 1%,Seruni Skin,exfoliator,145000,Eksfoliant cair untuk tekstur kulit yang lebih halus.,,"Aqua, Salicylic Acid, Butylene Glycol, Centella Asiatica Extract, Panthenol, Phenoxyethanol"
Oil Control Gel Moisturizer,Awan Biru,moisturizer,79000,Pelembap gel ringan untuk kulit berminyak.,,"Aqua, Glycerin, Niacinamide, Zinc PCA, Sodium Hyaluronate, Carbomer, Parfum, Phenoxyethanol"
Hydrating Hyaluronic Toner,Awan Biru,toner,69000,Toner hidrasi untuk semua jenis kulit.,,"Aqua, Glycerin, Sodium Hyaluronate, Panthenol, Allantoin, Aloe Barbadensis Leaf Juice, Phenoxyethanol"
Clay Mask Pore Detox,Awan Biru,mask,85000,Masker clay untuk menyerap minyak berlebih.,,"Kaolin, Bentonite, Aqua, Glycerin, Salicylic Acid, Niacinamide, Zinc PCA, Phenoxyethanol"
Vitamin C Glow Sleeping Mask,Awan Biru,mask,95000,Masker tidur agar kulit tampak lebih cerah.,,"Aqua, Glycerin, Sodium Ascorbyl Phosphate, Niacinamide, Squalane, Parfum, Phenoxyethanol"
Micellar Cleansing Water,Awan Biru,cleanser,45000,Pembersih makeup dan kotoran tanpa bilas.,,"Aqua, Glycerin, Poloxamer 184, Panthenol, Aloe Barbadensis Leaf Juice, Parfum, Phenoxyethanol"
Tea Tree Acne Spot Gel,Lestari Botanika,serum,49000,Gel totol untuk jerawat yang sedang meradang.,,"Aqua, Melaleuca Alternifolia Leaf Oil, Salicylic Acid, Centella Asiatica Extract, Alcohol Denat, Glycerin, Phenoxyethanol"
Cica Calming Cream,Lestari Botanika,moisturizer,99000,Krim penenang untuk kulit kemerahan.,,"Aqua, Centella Asiatica Extract, Madecassoside, Panthenol, Glycerin, Squalane, Allantoin, Phenoxyethanol"
Aloe Vera Soothing Gel,Lestari Botanika,moisturizer,35000,Gel lidah buaya untuk hidrasi ringan.,,"Aloe Barbadensis Leaf Juice, Aqua, Glycerin, Allantoin, Panthenol, Carbomer, Phenoxyethanol"
Centella Hydrating Toner,Lestari Botanika,toner,89000,Toner hidrasi dengan ekstrak centella.,,"Centella Asiatica Extract, Aqua, Glycerin, Panthenol, Sodium Hyaluronate, Madecassoside, Phenoxyethanol"
Vitamin C Daily Toner,Lestari Botanika,toner,79000,Toner antioksidan untuk kulit kusam.,,"Aqua, Ascorbyl Glucoside, Niacinamide, Glycerin, Aloe Barbadensis Leaf Juice, Phenoxyethanol"
Vitamin C Brightening Serum,Puspa Derm,serum,149000,Serum vitamin C untuk membantu mencerahkan kulit.,,"Aqua, 3-O-Ethyl Ascorbic Acid, Niacinamide, Glycerin, Sodium Hyaluronate, Parfum, Phenoxyethanol"
Daily Light Sunscreen SPF 50 PA++++,Puspa Derm,sunscreen,89000,Sunscreen ringan untuk pemakaian harian.,,"Aqua, Ethylhexyl Methoxycinnamate, Zinc Oxide, Niacinamide, Glycerin, Alcohol Denat, Phenoxyethanol"
Retinol 0.3% Night Serum,Puspa Derm,serum,179000,Serum malam untuk tekstur dan garis halus.,,"Aqua, Squalane, Retinol, Ceramide NP, Glycerin, Tocopherol, Phenoxyethanol"
Squalane Facial Oil,Puspa Derm,serum,125000,Minyak wajah ringan untuk kulit kering.,,"Squalane, Tocopherol"
Hydrating Sheet Mask Hyaluronic,Puspa Derm,mask,25000,Sheet mask hidrasi untuk perawatan mingguan.,,"Aqua, Glycerin, Sodium Hyaluronate, Panthenol, Allantoin, Parfum, Phenoxyethanol"
Shea Butter Rich Cream,Sagara Care,moisturizer,109000,Krim kaya nutrisi untuk kulit sangat kering.,,"Aqua, Butyrospermum Parkii Butter, Glycerin, Squalane, Ceramide NP, Panthenol, Parfum, Phenoxyethanol"
Hydrating Cream Cleanser,Sagara Care,cleanser,72000,Pembersih krim yang tidak membuat kulit ketarik.,,"Aqua, Glycerin, Ceramide NP, Sodium Hyaluronate, Coco-Glucoside, Panthenol, Phenoxyethanol"
Gentle Lactic Exfoliating Toner,Sagara Care,exfoliator,135000,Toner eksfoliasi lembut untuk kulit kusam.,,"Aqua, Lactic Acid, Glycerin, Panthenol, Sodium Hyaluronate, Allantoin, Phenoxyethanol"
Niacinamide 5% Daily Moisturizer,Sagara Care,moisturizer,65000,Pelembap harian untuk menjaga skin barrier.,,"Aqua, Glycerin, Niacinamide, Sodium Hyaluronate, Squalane, Allantoin, Phenoxyethanol"
Zinc Oil Control Toner,Sagara Care,toner,59000,Toner untuk membantu mengontrol minyak di T-zone.,,"Aqua, Zinc PCA, Niacinamide, Salicylic Acid, Butylene Glycol, Alcohol Denat, Phenoxyethanol"
